<?xml version="1.0" encoding="UTF-8"?>
<element class="edu.cmu.cs.stage3.alice.core.irobot.Create" name="robot" version="2.001">
    <child filename="bumper"/>
    <child filename="body"/>
    <property name="isFirstClass">true</property>
    <property name="data">
        <entry>
            <key class="java.lang.String"><![CDATA[painted by]]></key>
            <value class="java.lang.String"><![CDATA[Trey Davis]]></value>
        </entry>
        <entry>
            <key class="java.lang.String"><![CDATA[modeled by]]></key>
            <value class="java.lang.String"><![CDATA[Trey Davis]]></value>
        </entry>
    </property>
    <property name="script"/>
    <property name="responses"/>
    <property name="behaviors"/>
    <property name="variables"/>
    <property name="questions"/>
    <property componentClass="edu.cmu.cs.stage3.alice.core.TextureMap" name="textureMaps"/>
    <property name="sounds"/>
    <property name="geometries"/>
    <property name="misc"/>
    <property name="eventsStopAscending"/>
    <property name="isBoundingBoxShowing">false</property>
    <property name="isBoundingSphereShowing">false</property>
    <property
        componentClass="edu.cmu.cs.stage3.alice.core.Transformable" name="parts">
        <item criterionClass="edu.cmu.cs.stage3.alice.core.criterion.InternalReferenceKeyedCriterion">bumper</item>
        <item criterionClass="edu.cmu.cs.stage3.alice.core.criterion.InternalReferenceKeyedCriterion">body</item>
    </property>
    <property name="poses"/>
    <property name="localTransformation">
        <row>
            <item>1.0</item>
            <item>0.0</item>
            <item>0.0</item>
            <item>0.0</item>
        </row>
        <row>
            <item>0.0</item>
            <item>1.0</item>
            <item>0.0</item>
            <item>0.0</item>
        </row>
        <row>
            <item>0.0</item>
            <item>0.0</item>
            <item>1.0</item>
            <item>0.0</item>
        </row>
        <row>
            <item>0.46931530241742464</item>
            <item>0.010920334466002228</item>
            <item>-0.41386750257986993</item>
            <item>1.0</item>
        </row>
    </property>
    <property
        criterionClass="edu.cmu.cs.stage3.alice.core.criterion.ExternalReferenceKeyedCriterion" name="vehicle">.</property>
    <property name="isPivotShowing">false</property>
    <property name="color">
        <red>1.0</red>
        <green>1.0</green>
        <blue>1.0</blue>
        <alpha>1.0</alpha>
    </property>
    <property name="ambientColor"/>
    <property class="java.lang.Double" name="opacity">1.0</property>
    <property class="edu.cmu.cs.stage3.alice.scenegraph.FillingStyle" name="fillingStyle">edu.cmu.cs.stage3.alice.scenegraph.FillingStyle[SOLID]</property>
    <property class="edu.cmu.cs.stage3.alice.scenegraph.ShadingStyle" name="shadingStyle">edu.cmu.cs.stage3.alice.scenegraph.ShadingStyle[SMOOTH]</property>
    <property name="specularHighlightColor">
        <red>0.0</red>
        <green>0.0</green>
        <blue>0.0</blue>
        <alpha>1.0</alpha>
    </property>
    <property class="java.lang.Double" name="specularHighlightExponent">0.0</property>
    <property name="emissiveColor">
        <red>0.0</red>
        <green>0.0</green>
        <blue>0.0</blue>
        <alpha>1.0</alpha>
    </property>
    <property name="diffuseColorMap"/>
    <property name="opacityMap"/>
    <property name="emissiveColorMap"/>
    <property name="specularHighlightColorMap"/>
    <property name="bumpMap"/>
    <property name="detailMap"/>
    <property name="interactionMap"/>
    <property name="visualScale">
        <row>
            <item>0.1023035446489677</item>
            <item>0.0</item>
            <item>0.0</item>
        </row>
        <row>
            <item>0.0</item>
            <item>0.1023035446489677</item>
            <item>0.0</item>
        </row>
        <row>
            <item>0.0</item>
            <item>0.0</item>
            <item>0.1023035446489677</item>
        </row>
    </property>
    <property name="isShowing">true</property>
    <property name="disabledAffectors"/>
    <property name="geometry"/>
    <property name="visualization"/>
    <property name="powerLEDColor">
        <red>0.0</red>
        <green>0.0</green>
        <blue>0.0</blue>
        <alpha>1.0</alpha>
    </property>
    <property name="isAdvanceLEDOn">false</property>
    <property name="isPlayLEDOn">false</property>
    <property name="macAddress">none</property>
</element>
